  Certificat de conformitate camera Speed Dome, Starlight;  Certificat de conformitate camera Speed Dome
  Fisa tehnica camera Speed Dome, Starlight;  Fisa tehnica camera Speed Dome
  Certificat de conformitate Camera Speed Dome Turbo HD,Hikvision DS-2AE4225TI-D(E);  Certificat de conformitate Camera Speed Dome Turbo HD
  Fisa tehnica Camera Speed Dome Turbo HD,Hikvision DS-2AE4225TI-D(E);  Fisa tehnica Camera Speed Dome Turbo HD
  Fisa tehnica DVR Acusense cu 8 canale, 8MP Hikvision iDS-7208HUHI-M1-E(C);  Fisa tehnica DVR Acusense cu 8 canale
  Certificat de conformitateDVR Acusense cu 8 canale, 8MP Hikvision iDS-7208HUHI-M1-E(C);  Certificat de conformitateDVR Acusense cu 8 canale
  Fisa tehnica DVR 4 canale, AcuSense;  Fisa tehnica DVR 4 canale
  Certificat de conformitate DVR 4 canale, AcuSense;  Certificat de conformitate DVR 4 canale
  Fisa tehnica Camera de supraveghere pentru interior, 2MP Hikvision DS-2CE56D0T-VPIR3E;  Fisa tehnica Camera de supraveghere pentru interior
  Certificat de conformitate Camera de supraveghere pentru interior, 2MP Hikvision DS-2CE56D0T-VPIR3E;  Certificat de conformitate Camera de supraveghere pentru interior
  Fisa tehnica camera de supraveghere de exterior  4K, Full Color Safer SAF-BP8MP40F28-A-LED;  Fisa tehnica camera de supraveghere de exterior  4K
  Certificat de conformitate camera de supraveghere de exterior  4K, Full Color Safer SAF-BP8MP40F28-A-LED;  Certificat de conformitate camera de supraveghere de exterior  4K
  Certificat de conformitate DVR Turbo HD Hikvision, DS-7116HGHI-K1(S)(C);  Certificat de conformitate DVR Turbo HD Hikvision
  Fisa tehnica DVR Turbo HD Hikvision, DS-7116HGHI-K1(S)(C);  Fisa tehnica DVR Turbo HD Hikvision
  Certificat de conformitateCamera de supraveghere Bullet, 5MP;  Certificat de conformitateCamera de supraveghere Bullet
  Fisa tehnica Camera de supraveghere Bullet, 5MP;  Fisa tehnica Camera de supraveghere Bullet
  Fisa tehnica Camera de supraveghere Turret, 5MP;  Fisa tehnica Camera de supraveghere Turret
  Certificat de conformitate Camera de supraveghere Turret, 5MP;  Certificat de conformitate Camera de supraveghere Turret
  Certificat de conformitate DS-2CE72DFT-F, DS-2CE10DFT-F ;  Certificat de conformitate DS-2CE72DFT-F
  Certificat de conformitateCamera de supraveghere Bullet, 5MP Safer SAF-BM5MP60VZ-A;  Certificat de conformitateCamera de supraveghere Bullet
  Fisa tehnica Camera de supraveghere Bullet, 5MP Safer SAF-BM5MP60VZ-A;  Fisa tehnica Camera de supraveghere Bullet
  Certificat de conformitate camera de supraveghere Dome, Full HD;  Certificat de conformitate camera de supraveghere Dome
  Fisa tehnica camera de supraveghere Dome, Full HD;  Fisa tehnica camera de supraveghere Dome
  Certificat de conformitate DVR 4 canale, AcuSense;  Certificat de conformitate DVR 4 canale
  Fisa tehnica DVR 4 canale, AcuSense;  Fisa tehnica DVR 4 canale
  Fisa tehnica camera de supraveghere, 5 MP Safer;  Fisa tehnica camera de supraveghere
  Certificat de conformitatecamera de supraveghere, 5 MP Safer;  Certificat de conformitatecamera de supraveghere
  Fisa tehnica camera de supraveghere Hikvision Ultra Low Light, 2 MP Full HD;  Fisa tehnica camera de supraveghere Hikvision Ultra Low Light
  Certificat de conformitate camera de supraveghere Hikvision Ultra Low Light, Full HD;  Certificat de conformitate camera de supraveghere Hikvision Ultra Low Light
  Certificat de conformitateCamera de supraveghere Bullet, Full HD Safer SAF-BM2MP60VZ-A;  Certificat de conformitateCamera de supraveghere Bullet
  Fisa tehnica Camera de supraveghere Bullet, Full HD Safer SAF-BM2MP60VZ-A;  Fisa tehnica Camera de supraveghere Bullet
  Certificat de conformitate DS-2CE72DFT-F, DS-2CE10DFT-F ;  Certificat de conformitate DS-2CE72DFT-F
  Certificat de conformitate camera de supraveghere 5MP, 2.8 mm;  Certificat de conformitate camera de supraveghere 5MP
  Fisa tehnica Camera de supraveghere 5MP, 2.8 mm;  Fisa tehnica Camera de supraveghere 5MP
  Fisa tehnica Camera de supraveghere, 2MP Safer SAF-BP2MP20F28-A;  Fisa tehnica Camera de supraveghere
  Certificat de conformitate Camera de supraveghere, 2MP  Safer SAF-BP2MP20F28-A;  Certificat de conformitate Camera de supraveghere
  Certificat de conformitate Camera de supraveghere Dome,  Safer SAF-DP5MP20F28(Q);  Certificat de conformitate Camera de supraveghere Dome
  Fisa tehnica NVR 32 de canale, 32MP Hikvision DS-7732NI-I416P(B);  Fisa tehnica NVR 32 de canale
  Certificat de conformitate NVR 32 de canale, 32MP Hikvision DS-7732NI-I416P(B);  Certificat de conformitate NVR 32 de canale
  Certificat de conformitate NVR 32 canale, AcuSense;  Certificat de conformitate NVR 32 canale
  Fisa tehnica NVR 32 canale, AcuSense;  Fisa tehnica NVR 32 canale
  Fisa tehnica NVR 16 canale, Hikvision DS-7716NI-I4(B);  Fisa tehnica NVR 16 canale
  Certificat de conformitate  NVR 16 canale, Hikvision DS-7716NI-I4(B).pdf;  Certificat de conformitate  NVR 16 canale
  Certificat de conformitate NVR 16 canale, 16xPoE;  Certificat de conformitate NVR 16 canale
  Fisa tehnica NVR 16 canale, 16xPoE;  Fisa tehnica NVR 16 canale
  Fisa tehnica NVR 8 canale, 12MP;  Fisa tehnica NVR 8 canale
  Certificat de conformitate NVR 8 canale, 12MP;  Certificat de conformitate NVR 8 canale
  Certificat de conformitate NVR 8 canale, 16MP;  Certificat de conformitate NVR 8 canale
  Fisa tehnica NVR 8 canale, 16MP;  Fisa tehnica NVR 8 canale
  Certificat de conformitate NVR 8 canale, 12MP;  Certificat de conformitate NVR 8 canale
  Fisa tehnica NVR 8 canale, 12MP;  Fisa tehnica NVR 8 canale
  Certificat de conformitate Camera IP, WizSense;  Certificat de conformitate Camera IP
  Fisa tehnica Camera IP, WizSense;  Fisa tehnica Camera IP
  Fisa tehnica Camera IP 4 MP, Hikvision DS-2CD2T47G2-L-2.8mm(C).pdf;  Fisa tehnica Camera IP 4 MP
  Certificat de conformitate Camera IP 4 MP, Hikvision DS-2CD2T47G2-L-2.8mm(C).pdf;  Certificat de conformitate Camera IP 4 MP
  Fisa tehnica NVR Dahua WizSense, 16 canale;  Fisa tehnica NVR Dahua WizSense
  Certificat de conformitate  NVR Dahua WizSense, 16 canale;  Certificat de conformitate  NVR Dahua WizSense
  Certificat de conformitate NVR 4 canale 8MP, Hikvision HWN-4104MH-4P(C);  Certificat de conformitate NVR 4 canale 8MP
  Fisa tehnica NVR 4 canale 8MP, Hikvision HWN-4104MH-4P(C);  Fisa tehnica NVR 4 canale 8MP
  Fisa tehnica DS-2CD2T46G2-2I, 4I en;  Fisa tehnica DS-2CD2T46G2-2I
  Manual de utilizare DS-2CD2T46G2-2I, 4I en;  Manual de utilizare DS-2CD2T46G2-2I
  Fisa tehnica DS-2CD2T46G2-2I, 4I en;  Fisa tehnica DS-2CD2T46G2-2I
  Manual de utilizare DS-2CD2T46G2-2I, 4I en;  Manual de utilizare DS-2CD2T46G2-2I
  Certificat de conformitate Camera IP, AcuSense;  Certificat de conformitate Camera IP
  Fisa tehnica Camera IP, AcuSense;  Fisa tehnica Camera IP
  Certificat de conformitate amera de supraveghere IP, AcuSense;  Certificat de conformitate amera de supraveghere IP
  Fisa tehnica camera de supraveghere IP, AcuSense;  Fisa tehnica camera de supraveghere IP
  Fisa tehnica Camera de supraveghere IP, WizSense;  Fisa tehnica Camera de supraveghere IP
  Certificat de conformitate  Camera de supraveghere IP, 2K Hikvision DS-2CD1643G0-IZ(2.8-12mm)(C);  Certificat de conformitate  Camera de supraveghere IP
  Fisa tehnica Camera de supraveghere IP, 2K Hikvision DS-2CD1643G0-IZ(2.8-12mm)(C);  Fisa tehnica Camera de supraveghere IP
  Fisa tehnica Camera de supraveghere IP, WizSense;  Fisa tehnica Camera de supraveghere IP
  Fisa tehnica Camera IP wireless, Dome;  Fisa tehnica Camera IP wireless
  Certificat de conformitateCamera IP wireless, Dome;  Certificat de conformitateCamera IP wireless
  Certificat de conformitate Camera IP wireless, Dome;  Certificat de conformitate Camera IP wireless
  Fisa tehnica Camera IP wireless, Dome;  Fisa tehnica Camera IP wireless
  Fisa tehnica Camera PT IP, 2MP Hikvision DS-2DE1C200IW-D3W(F1)(S7);  Fisa tehnica Camera PT IP
  Certificat de conformitateCamera PT IP, 2MP Hikvision DS-2DE1C200IW-D3W(F1)(S7);  Certificat de conformitateCamera PT IP
  Certificat de conformitate camera de supraveghere IP, 4MP Hikvision DS-2CD1143G0-I(C);  Certificat de conformitate camera de supraveghere IP
  Fisa tehnica camera de supraveghere IP, 4MP Hikvision DS-2CD1143G0-I(C);  Fisa tehnica camera de supraveghere IP
  Certificat de conformitate camera de supraveghere IP, ColorVu;  Certificat de conformitate camera de supraveghere IP
  Fisa tehnica camera de supraveghere IP, ColorVu;  Fisa tehnica camera de supraveghere IP
  Certificat de conformitate NVR 4 canale, 6 MP Hikvision;  Certificat de conformitate NVR 4 canale
  Fisa tehnica NVR 4 canale, 6 MP Hikvision;  Fisa tehnica NVR 4 canale
  Fisa tehnica Camera IP wireless, Full HD;  Fisa tehnica Camera IP wireless
  Raport verificare Camera IP wireless, Full HD UNIVIEW IPC2122LB-AF28WK-G ;  Raport verificare Camera IP wireless
  Certificat de conformitate EMC Camera IP wireless, Full HD UNIVIEW IPC2122LB-AF28WK-G ;  Certificat de conformitate EMC Camera IP wireless
  Certificat de conformitate Switch PoE Hikvision, 4 x PoE DS-3E1105P-EI;  Certificat de conformitate Switch PoE Hikvision
CS-H6c (4MP,W1);;CS-H6c (4MP
  Fisa tehnica Sursa de alimentare pentru camere 48V / 3A, 144W;  Fisa tehnica Sursa de alimentare pentru camere 48V / 3A
  Declaratie de conformitate NES,NED;  Declaratie de conformitate NES
  Fisa tehnica SDCS/16,32;  Fisa tehnica SDCS/16
  Fisa tehnica SDCS/16,32;  Fisa tehnica SDCS/16
  Declaratie de conformitate LRS-35,50 en;  Declaratie de conformitate LRS-35
  Declaratie de conformitate LRS-35,50 en;  Declaratie de conformitate LRS-35
  Fisa tehnica SDCS/16,32;  Fisa tehnica SDCS/16
  Fisa Tehnica Patchcord SFTP6A-10M-R, SAFER;  Fisa Tehnica Patchcord SFTP6A-10M-R
  Fisa tehnica SDCS/16,32;  Fisa tehnica SDCS/16
  Fisa Tehnica Patchcord SFTP6A-5M-B, SAFER;  Fisa Tehnica Patchcord SFTP6A-5M-B
  Fisa Tehnica Patchcord SFTP6A-5M-R, SAFER;  Fisa Tehnica Patchcord SFTP6A-5M-R
  Fisa Tehnica Patchcord SFTP6A-5M, SAFER;  Fisa Tehnica Patchcord SFTP6A-5M
  Fisa Tehnica Patchcord SFTP6A-3M-G, SAFER;  Fisa Tehnica Patchcord SFTP6A-3M-G
  Fisa Tehnica Patchcord SFTP6A-2M-R, SAFER;  Fisa Tehnica Patchcord SFTP6A-2M-R
  Fisa Tehnica Patchcord SFTP6A-1M-G, SAFER;  Fisa Tehnica Patchcord SFTP6A-1M-G
  Fisa Tehnica Patchcord SFTP6A-1M-B, SAFER;  Fisa Tehnica Patchcord SFTP6A-1M-B
  Fisa Tehnica Patchcord SFTP6A-1M-R, SAFER;  Fisa Tehnica Patchcord SFTP6A-1M-R
  Fisa Tehnica Patchcord SFTP6A-0.5M-BL, SAFER;  Fisa Tehnica Patchcord SFTP6A-0.5M-BL
  Fisa Tehnica Patchcord SFTP6A-0.5M-B, SAFER;  Fisa Tehnica Patchcord SFTP6A-0.5M-B
  Fisa Tehnica Patchcord SFTP6A-0.5M-G, SAFER;  Fisa Tehnica Patchcord SFTP6A-0.5M-G
  Fisa Tehnica Patchcord SFTP6A-0.25M, SAFER;  Fisa Tehnica Patchcord SFTP6A-0.25M
  Fisa Tehnica Patchcord SFTP6A-0.25M-R, SAFER;  Fisa Tehnica Patchcord SFTP6A-0.25M-R
  Fisa Tehnica Patchcord SFTP6A-0.25M-BL, SAFER;  Fisa Tehnica Patchcord SFTP6A-0.25M-BL
  Fisa tehnica manson mufa RJ45, MP0035G;  Fisa tehnica manson mufa RJ45
  Fisa tehnica Sursa de alimentare pentru camere 48V / 3A, 144W;  Fisa tehnica Sursa de alimentare pentru camere 48V / 3A
  Declaratie de conformitate NES,NED;  Declaratie de conformitate NES
  Fisa tehnica SDCS/16,32;  Fisa tehnica SDCS/16
  Declaratie de conformitate LRS-35,50 en;  Declaratie de conformitate LRS-35
  Fisa tehnica doza de conexiuni rotunda, aluminiu;  Fisa tehnica doza de conexiuni rotunda
  Fisa tehnica SDCS/16,32;  Fisa tehnica SDCS/16
  Declaratie de conformitate LRS-35,50 en;  Declaratie de conformitate LRS-35
  Declaratie de conformitate LRS-35,50 en;  Declaratie de conformitate LRS-35
  Fisa tehnica SDCS/16,32;  Fisa tehnica SDCS/16
  Fisa Tehnica Patchcord SFTP6A-10M, SAFER;  Fisa Tehnica Patchcord SFTP6A-10M
  Fisa Tehnica Patchcord SFTP6A-10M-R, SAFER;  Fisa Tehnica Patchcord SFTP6A-10M-R
  Fisa Tehnica Patchcord SFTP6A-10M-Y, SAFER;  Fisa Tehnica Patchcord SFTP6A-10M-Y
  Fisa Tehnica Patchcord SFTP6A-10M-G, SAFER;  Fisa Tehnica Patchcord SFTP6A-10M-G
  Fisa tehnica SDCS/16,32;  Fisa tehnica SDCS/16
  Fisa Tehnica Patchcord SFTP6A-5M-B, SAFER;  Fisa Tehnica Patchcord SFTP6A-5M-B
  Fisa Tehnica Patchcord SFTP6A-5M-BL, SAFER;  Fisa Tehnica Patchcord SFTP6A-5M-BL
  Fisa Tehnica Patchcord SFTP6A-5M-R, SAFER;  Fisa Tehnica Patchcord SFTP6A-5M-R
  Fisa Tehnica Patchcord SFTP6A-5M-Y, SAFER;  Fisa Tehnica Patchcord SFTP6A-5M-Y
  Fisa Tehnica Patchcord SFTP6A-5M, SAFER;  Fisa Tehnica Patchcord SFTP6A-5M
  Fisa Tehnica Patchcord SFTP6A-5M-G, SAFER;  Fisa Tehnica Patchcord SFTP6A-5M-G
  Fisa Tehnica Patchcord SFTP6A-3M-Y, SAFER;  Fisa Tehnica Patchcord SFTP6A-3M-Y
  Fisa Tehnica Patchcord SFTP6A-3M-R, SAFER;  Fisa Tehnica Patchcord SFTP6A-3M-R
  Fisa Tehnica Patchcord SFTP6A-3M, SAFER;  Fisa Tehnica Patchcord SFTP6A-3M
  Fisa Tehnica Patchcord SFTP6A-3M-G, SAFER;  Fisa Tehnica Patchcord SFTP6A-3M-G
  Fisa Tehnica Patchcord SFTP6A-2M-G, SAFER;  Fisa Tehnica Patchcord SFTP6A-2M-G
  Fisa Tehnica Patchcord SFTP6A-2M-Y, SAFER;  Fisa Tehnica Patchcord SFTP6A-2M-Y
  Fisa Tehnica Patchcord SFTP6A-2M-R, SAFER;  Fisa Tehnica Patchcord SFTP6A-2M-R
  Fisa Tehnica Patchcord SFTP6A-2M, SAFER;  Fisa Tehnica Patchcord SFTP6A-2M
  Fisa Tehnica Patchcord SFTP6A-1M, SAFER;  Fisa Tehnica Patchcord SFTP6A-1M
  Fisa Tehnica Patchcord SFTP6A-1M-G, SAFER;  Fisa Tehnica Patchcord SFTP6A-1M-G
  Fisa Tehnica Patchcord SFTP6A-1M-B, SAFER;  Fisa Tehnica Patchcord SFTP6A-1M-B
  Fisa Tehnica Patchcord SFTP6A-1M-R, SAFER;  Fisa Tehnica Patchcord SFTP6A-1M-R
  Fisa Tehnica Patchcord SFTP6A-1M-Y, SAFER;  Fisa Tehnica Patchcord SFTP6A-1M-Y
  Fisa Tehnica Patchcord SFTP6A-0.5M-BL, SAFER;  Fisa Tehnica Patchcord SFTP6A-0.5M-BL
  Fisa Tehnica Patchcord SFTP6A-0.5M-R, SAFER;  Fisa Tehnica Patchcord SFTP6A-0.5M-R
  Fisa Tehnica Patchcord SFTP6A-0.5M-B, SAFER;  Fisa Tehnica Patchcord SFTP6A-0.5M-B
  Fisa Tehnica Patchcord SFTP6A-0.5M-G, SAFER;  Fisa Tehnica Patchcord SFTP6A-0.5M-G
  Fisa Tehnica Patchcord SFTP6A-0.5M-Y, SAFER;  Fisa Tehnica Patchcord SFTP6A-0.5M-Y
  Fisa Tehnica Patchcord SFTP6A-0.25M, SAFER;  Fisa Tehnica Patchcord SFTP6A-0.25M
  Fisa Tehnica Patchcord SFTP6A-0.25M-R, SAFER;  Fisa Tehnica Patchcord SFTP6A-0.25M-R
  Fisa Tehnica Patchcord SFTP6A-0.25M-BL, SAFER;  Fisa Tehnica Patchcord SFTP6A-0.25M-BL
  Fisa tehnica manson mufa RJ45, MP0035G;  Fisa tehnica manson mufa RJ45
  Diferente intre Paradox Spectra, Magellan si EVO;  Diferente intre Paradox Spectra
  Diferente intre Paradox Spectra, Magellan si EVO;  Diferente intre Paradox Spectra
  Diferente intre Paradox Spectra, Magellan si EVO;  Diferente intre Paradox Spectra
  Diferente intre Paradox Spectra, Magellan si EVO;  Diferente intre Paradox Spectra
  Diferente intre Paradox Spectra, Magellan si EVO;  Diferente intre Paradox Spectra
  Diferente intre Paradox Spectra, Magellan si EVO;  Diferente intre Paradox Spectra
  Diferente intre Paradox Spectra, Magellan si EVO;  Diferente intre Paradox Spectra
  Diferente intre Paradox Spectra, Magellan si EVO;  Diferente intre Paradox Spectra
  Diferente intre Paradox Spectra, Magellan si EVO;  Diferente intre Paradox Spectra
  Diferente intre Paradox Spectra, Magellan si EVO;  Diferente intre Paradox Spectra
  Diferente intre Paradox Spectra, Magellan si EVO;  Diferente intre Paradox Spectra
  Diferente intre Paradox Spectra, Magellan si EVO;  Diferente intre Paradox Spectra
  Diferente intre Paradox Spectra, Magellan si EVO;  Diferente intre Paradox Spectra
  Diferente intre Paradox Spectra, Magellan si EVO;  Diferente intre Paradox Spectra
  Diferente intre Paradox Spectra, Magellan si EVO;  Diferente intre Paradox Spectra
  Diferente intre Paradox Spectra, Magellan si EVO;  Diferente intre Paradox Spectra
  Diferente intre Paradox Spectra, Magellan si EVO;  Diferente intre Paradox Spectra
  Diferente intre Paradox Spectra, Magellan si EVO;  Diferente intre Paradox Spectra
  Diferente intre Paradox Spectra, Magellan si EVO;  Diferente intre Paradox Spectra
  Diferente intre Paradox Spectra, Magellan si EVO;  Diferente intre Paradox Spectra
  Declaratie CE, Fisa tehnica si instructiuni de utilizare pentru SOPBR-DT;  Declaratie CE
  Diferente intre Paradox Spectra, Magellan si EVO;  Diferente intre Paradox Spectra
  Diferente intre Paradox Spectra, Magellan si EVO;  Diferente intre Paradox Spectra
  Diferente intre Paradox Spectra, Magellan si EVO;  Diferente intre Paradox Spectra
  Diferente intre Paradox Spectra, Magellan si EVO;  Diferente intre Paradox Spectra
  Manual de instalare DS-PDD12P-EG2-WE,;  Manual de instalare DS-PDD12P-EG2-WE
  Fisa tehnica DS-PDD12P-EG2-WE,;  Fisa tehnica DS-PDD12P-EG2-WE
  Diferente intre Paradox Spectra, Magellan si EVO;  Diferente intre Paradox Spectra
PL 28,"5 AH;""<div class=""""docs""""><h3>;PL 28"
  Certificat de conformitate TED PL 28,5 AH;  Certificat de conformitate TED PL 28
  Fisa tehnica acumulator 12V TED PL 28,5 AH;  Fisa tehnica acumulator 12V TED PL 28
  Diferente intre Paradox Spectra, Magellan si EVO;  Diferente intre Paradox Spectra
  Manual de instalare, configurare si date tehnice in Romana pentru HY-630;  Manual de instalare
  Certificat de conformitate BAT0213, TED002716;  Certificat de conformitate BAT0213
  Declaratie de conformitate Buton de panica fara retinere, BT-29;  Declaratie de conformitate Buton de panica fara retinere
  Manual de utilizare AQARA Smart Wall Switch EU (No Neutral, Double Rocker);  Manual de utilizare AQARA Smart Wall Switch EU (No Neutral
  Manual utilizare Intrerupator inteligent simplu, cu nul;  Manual utilizare Intrerupator inteligent simplu
  Ghid de utilizare Releu wireless 4 canale, SONOFF 4CH PRO R3;  Ghid de utilizare Releu wireless 4 canale
  Manual de utilizare Releu wireless 4 canale, SONOFF 4CH PRO R3;  Manual de utilizare Releu wireless 4 canale
  Fisa tehnica Releu wireless 4 canale, SONOFF 4CH PRO R3;  Fisa tehnica Releu wireless 4 canale
   Aqara Cube Smart Controller Wireless, 301272 ;   Aqara Cube Smart Controller Wireless
  Priza inteligenta Xiaomi Mi Smart Plug Zigbee Wifi, 10A;  Priza inteligenta Xiaomi Mi Smart Plug Zigbee Wifi
  Documentatie - Manual de utilizare, CE;  Documentatie - Manual de utilizare
  Manual de utilizare Telecomanda SONOFF RM433, 8 butoane;  Manual de utilizare Telecomanda SONOFF RM433
  Ghid de utilizare Telecomanda SONOFF RM433, 8 butoane;  Ghid de utilizare Telecomanda SONOFF RM433
  Manual Programare si instalare Optimo3, 5;  Manual Programare si instalare Optimo3
  Schema conexiuni Optimo3, 5;  Schema conexiuni Optimo3
  Manual Programare si instalare Optimo3, 5;  Manual Programare si instalare Optimo3
  Schema conexiuni Optimo3, 5;  Schema conexiuni Optimo3
  Manual Programare si instalare Optimo3, 5;  Manual Programare si instalare Optimo3
  Schema conexiuni Optimo3, 5;  Schema conexiuni Optimo3
  Manual de instalare, montare si utilizare RO ;  Manual de instalare
  Manual Programare si instalare Optimo3, 5;  Manual Programare si instalare Optimo3
  Schema conexiuni Optimo3, 5;  Schema conexiuni Optimo3
  Manual de instalare, montare si utilizare RO ;  Manual de instalare
  Manual Programare si instalare Optimo3, 5;  Manual Programare si instalare Optimo3
  Schema conexiuni Optimo3, 5;  Schema conexiuni Optimo3
  Manual LINO400 NOU, 2022 RO;  Manual LINO400 NOU
  Manual LINO400 NOU, 2022 RO;  Manual LINO400 NOU
  Manual de instalare, programare si utilizare (RO);  Manual de instalare
  Manual de instalare, programare si utilizare (RO);  Manual de instalare
  Manual Programare si instalare Optimo3, 5;  Manual Programare si instalare Optimo3
  Schema conexiuni Optimo3, 5;  Schema conexiuni Optimo3
  Manual de instalare, programare si utilizare (RO);  Manual de instalare
  Manual LINO400 NOU, 2022 RO;  Manual LINO400 NOU
  Manual LINO400 NOU, 2022 RO;  Manual LINO400 NOU
  Manual de utilizare, instalare si conectare Comunello Index in ROMANA;  Manual de utilizare
  Fisa tehnica Electromagnet aplicabil de 180kg, EM-180KG-A01G.;  Fisa tehnica Electromagnet aplicabil de 180kg
  Fisa tehnica Buton de iesire, aplicabil;  Fisa tehnica Buton de iesire
  Fisa tehnica Buton de iesire, aplicabil;  Fisa tehnica Buton de iesire
  Tabel compatibilitate pentru panouri de bloc Generatia 3, Electra;  Tabel compatibilitate pentru panouri de bloc Generatia 3
  Tabel compatibilitate pentru panouri de bloc Generatia 3, Electra;  Tabel compatibilitate pentru panouri de bloc Generatia 3
  Tabel compatibilitate pentru panouri de bloc Generatia 3, Electra;  Tabel compatibilitate pentru panouri de bloc Generatia 3
  Tabel compatibilitate pentru panouri de bloc Generatia 3, Electra;  Tabel compatibilitate pentru panouri de bloc Generatia 3
  Tabel compatibilitate pentru panouri de bloc Generatia 3, Electra;  Tabel compatibilitate pentru panouri de bloc Generatia 3
  Tabel compatibilitate pentru panouri de bloc Generatia 3, Electra;  Tabel compatibilitate pentru panouri de bloc Generatia 3
  Tabel compatibilitate pentru panouri de bloc Generatia 3, Electra;  Tabel compatibilitate pentru panouri de bloc Generatia 3
  Tabel compatibilitate pentru panouri de bloc Generatia 3, Electra;  Tabel compatibilitate pentru panouri de bloc Generatia 3
  Manual de utilizare, instalare si Specificatii tehnice ELECTRA Urban;  Manual de utilizare
  Manual de utilizare, instalare si Specificatii tehnice ELECTRA Urban;  Manual de utilizare
  Manual de utilizare, instalare si Specificatii tehnice ELECTRA Urban;  Manual de utilizare
  Manual de utilizare, instalare si Specificatii tehnice ELECTRA Urban;  Manual de utilizare
  Fisa tehninca CAD-150-4, 8 en;  Fisa tehninca CAD-150-4
  Fisa tehninca CAD-150-4, 8 en;  Fisa tehninca CAD-150-4
  Fisa tehninca CAD-150-4, 8 en;  Fisa tehninca CAD-150-4
  Certificat de conformitate TFP-1211, TFP-1214;  Certificat de conformitate TFP-1211
  Certificat de conformitate TFP-1211, TFP-1214;  Certificat de conformitate TFP-1211
  Certificat de conformitate TFP-1211, TFP-1214;  Certificat de conformitate TFP-1211
  Certificat de conformitate TFC-1209, TFP-1240;  Certificat de conformitate TFC-1209
  Certificat de conformitate TFC-1209, TFP-1240;  Certificat de conformitate TFC-1209
  Fisa tehnica Buton de panica incendiu,Detnov MAD-450-I;  Fisa tehnica Buton de panica incendiu
  Certificat de conformitate  Buton de panica incendiu,Detnov MAD-450-I.pdf;  Certificat de conformitate  Buton de panica incendiu
  Fisa tehnica Boxa portabila 12 inci 400W cu ecran incorporat 15 inci, PORT-TFT12;  Fisa tehnica Boxa portabila 12 inci 400W cu ecran incorporat 15 inci
  Fisa tehnica Boxa de perete PA 100V, 80Hz-20kHz;  Fisa tehnica Boxa de perete PA 100V
  Fisa tehnica Baterie AEG 10kWh pentru invertoare Hibrid, AS-BBH1-10000HV;  Fisa tehnica Baterie AEG 10kWh pentru invertoare Hibrid
  Fisa tehnica Baterie AEG 10kWh pentru invertoare Hibrid, AS-BBH1-10000HV;  Fisa tehnica Baterie AEG 10kWh pentru invertoare Hibrid
  Manual de utilizare Baterie AEG 10kWh pentru invertoare Hibrid, AS-BBH1-10000HV;  Manual de utilizare Baterie AEG 10kWh pentru invertoare Hibrid
  Fisa tehnica doza de conexiuni rotunda, aluminiu;  Fisa tehnica doza de conexiuni rotunda
  Ghid de instalare Acces Point Wireless cu WiFi 6, TP-LINK;  Ghid de instalare Acces Point Wireless cu WiFi 6
